{
  "Маштаково": [51.001546,51.677475],
  "Исилькуль": [71.0164,54.9219],
  "Бугристое": [
    61.626024,
    54.006540
  ]
}