{
  "Бугристое": [
    61.626024,
    54.006540
  ],
  "Маштаково": [
    51.001546,
    51.677475
  ],
  "Исилькуль": [
    71.0164,
    54.9219
  ],
  "Караозек": [
    48.63715669817191,
    46.54579194278649
  ],
  "Озинки": [
    49.88041252633748,
    51.21617307599134
  ],
  "Илек": [
    53.38756259794792,
    51.49977022185685
  ],
  "Орск": [
    51.08380958614717,
    58.47688316566669
  ],
  "Сагарчин": [
    56.141450250035405,
    50.85784610311633
  ],
  "Воскресенское": [
    65.80361212505922,
    54.64640622647755
  ],
  "Петухово": [
    68.2424346250778,
    55.09120215400796
  ],
  "Черлакский": [
    75.05184251886925,
    53.7946747256543
  ],
  "Карасукский": [
    77.70957889314013,
    53.40191540795825
  ],
  "Кулунда": [
    78.63025921333404,
    52.53236300901796
  ],
  "Веселоярск": [
    81.11324478586133,
    51.21131494014978
  ],
  "Михайловка": [
    81.96607753416934,
    50.80778627952955
  ],
  "Горняк": [
    81.42046322676323,
    50.971923623594236
  ]
}